Date,Open,High,Low,Close
2022-05-13,4081.27,4081.27,3858.87,4023.89
2022-05-06,4130.61,4307.66,4062.51,4123.34
2022-04-29,4255.34,4308.45,4124.28,4131.93
2022-04-22,4385.63,4512.94,4267.62,4271.78
2022-04-14,4462.64,4471.0,4381.34,4392.59
2022-04-08,4547.97,4593.45,4450.04,4488.28
2022-04-01,4541.09,4637.3,4507.57,4545.86
2022-03-25,4462.4,4546.03,4424.3,4543.06
2022-03-18,4202.75,4465.4,4161.72,4463.12
2022-03-11,4327.01,4327.01,4157.87,4204.31
2022-03-04,4354.17,4416.78,4279.54,4328.87
2022-02-25,4332.74,4385.34,4114.65,4384.65
2022-02-18,4412.61,4489.55,4327.22,4348.87
2022-02-11,4505.75,4590.03,4401.41,4418.64
2022-02-04,4431.79,4595.31,4414.02,4500.53
2022-01-28,4356.32,4453.23,4222.62,4431.85
2022-01-21,4632.24,4632.24,4395.34,4397.94
2022-01-14,4655.34,4748.83,4582.24,4662.85
2022-01-07,4778.14,4818.62,4662.74,4677.03
2021-12-31,4733.99,4808.93,4733.99,4766.18
2021-12-23,4587.9,4740.74,4531.1,4725.79
2021-12-17,4710.3,4731.99,4600.22,4620.64
2021-12-10,4548.37,4713.57,4540.51,4712.02
2021-12-03,4628.75,4672.95,4495.12,4538.43
2021-11-26,4712.0,4743.83,4585.43,4594.62
2021-11-19,4689.3,4717.75,4672.78,4697.96
2021-11-12,4701.48,4714.92,4630.86,4682.85
2021-11-05,4610.62,4718.5,4595.06,4697.53
2021-10-29,4553.69,4608.08,4537.36,4605.38
2021-10-22,4463.72,4559.67,4447.47,4544.9
2021-10-15,4385.44,4475.82,4329.92,4471.37
2021-10-08,4348.84,4429.97,4278.94,4391.34
2021-10-01,4442.12,4457.3,4288.52,4357.04
2021-09-24,4402.95,4465.4,4305.91,4455.48
2021-09-17,4474.81,4492.99,4427.76,4432.99
2021-09-10,4535.38,4535.38,4457.66,4458.58
2021-09-03,4513.76,4545.85,4513.76,4535.43
2021-08-27,4450.29,4513.33,4450.29,4509.37
2021-08-20,4461.65,4480.26,4367.73,4441.67
2021-08-13,4437.77,4468.37,4424.74,4468.0
2021-08-06,4406.86,4440.82,4373.0,4436.52
2021-07-30,4409.58,4429.97,4372.51,4395.26
2021-07-23,4296.4,4415.18,4233.13,4411.79
2021-07-16,4372.41,4393.68,4322.53,4327.16
2021-07-09,4356.46,4371.6,4289.37,4369.55
2021-07-02,4284.9,4355.43,4274.67,4352.34
2021-06-25,4173.4,4286.12,4173.4,4280.7
2021-06-18,4248.31,4257.16,4164.4,4166.45
2021-06-11,4229.34,4249.74,4208.41,4247.44
2021-06-04,4216.52,4234.12,4167.93,4229.89
2021-05-28,4170.16,4218.36,4170.16,4204.11
2021-05-21,4169.92,4188.72,4061.41,4155.86
2021-05-14,4074.99,4183.13,4074.99,4173.85
2021-05-07,4191.98,4238.04,4128.59,4232.6
2021-04-30,4185.03,4218.78,4174.85,4181.17
2021-04-23,4179.8,4194.17,4118.38,4180.17
2021-04-16,4124.71,4191.31,4114.82,4185.47
2021-04-09,4034.44,4129.48,4034.44,4128.8
2021-04-01,3969.31,4020.63,3943.25,4019.87
2021-03-26,3916.48,3978.19,3853.5,3974.54
2021-03-19,3942.96,3983.87,3886.75,3913.1
2021-03-12,3844.39,3960.27,3819.25,3943.34
2021-03-05,3842.51,3914.5,3723.34,3841.94
2021-02-26,3885.55,3928.65,3789.54,3811.15
2021-02-19,3939.61,3950.43,3885.03,3906.71
2021-02-12,3892.59,3937.23,3884.94,3934.83
2021-02-05,3731.17,3894.56,3725.62,3886.83
2021-01-29,3851.68,3870.9,3694.12,3714.24
2021-01-22,3781.88,3861.45,3780.37,3841.47
2021-01-15,3803.14,3823.6,3749.62,3768.25
2021-01-08,3764.61,3826.69,3662.71,3824.68
2020-12-31,3723.03,3760.2,3723.03,3756.07
2020-12-24,3684.28,3711.24,3636.48,3703.06
2020-12-18,3675.27,3726.7,3645.84,3709.41
2020-12-11,3694.73,3712.39,3633.4,3663.46
2020-12-04,3634.18,3699.2,3594.39,3699.12
2020-11-27,3566.82,3644.31,3552.77,3638.35
2020-11-20,3600.16,3628.51,3543.84,3557.54
2020-11-13,3583.04,3645.99,3511.91,3585.15
2020-11-06,3296.2,3529.05,3279.74,3509.44
2020-10-30,3441.42,3441.42,3233.94,3269.96
2020-10-23,3493.66,3502.42,3415.34,3465.39
2020-10-16,3500.02,3549.85,3440.89,3483.81
2020-10-09,3367.27,3482.34,3354.54,3477.13
2020-10-02,3333.9,3397.18,3323.69,3348.44
2020-09-25,3285.57,3323.35,3209.45,3298.46
2020-09-18,3363.56,3428.92,3292.4,3319.47
2020-09-11,3371.88,3425.55,3310.47,3340.97
2020-09-04,3509.73,3588.11,3349.63,3426.96
2020-08-28,3418.09,3509.23,3413.13,3508.01
2020-08-21,3380.86,3399.96,3354.69,3397.16
2020-08-14,3356.04,3387.89,3326.44,3372.85
2020-08-07,3288.26,3352.54,3284.53,3351.28
2020-07-31,3219.84,3272.17,3204.13,3271.12
2020-07-24,3224.29,3279.99,3200.05,3215.63
2020-07-17,3205.08,3238.28,3127.66,3224.73
2020-07-10,3155.29,3186.82,3115.7,3185.04
2020-07-02,3018.59,3165.81,2999.74,3130.01
2020-06-26,3094.42,3154.9,3004.63,3009.05
2020-06-19,2993.76,3155.53,2965.66,3097.74
2020-06-12,3199.92,3233.13,2984.47,3041.31
2020-06-05,3038.78,3211.72,3031.54,3193.93
2020-05-29,3004.08,3068.67,2969.75,3044.31
2020-05-22,2913.86,2980.29,2913.86,2955.45
2020-05-15,2794.54,2865.01,2766.64,2863.7
2020-05-08,2815.01,2932.16,2797.85,2929.8
2020-05-01,2854.65,2954.86,2821.61,2830.71
2020-04-24,2845.62,2868.98,2727.1,2836.74
2020-04-17,2782.46,2879.22,2721.17,2874.56
2020-04-09,2578.28,2818.57,2574.57,2789.82
2020-04-03,2558.98,2641.39,2447.49,2488.65
2020-03-27,2290.71,2637.01,2191.86,2541.47
2020-03-20,2508.59,2562.98,2280.52,2304.92
2020-03-13,2863.89,2882.59,2478.86,2711.02
2020-03-06,2974.28,3136.72,2901.54,2972.37
2020-02-28,3257.61,3259.81,2855.84,2954.22
2020-02-21,3369.04,3393.52,3328.45,3337.75
2020-02-14,3318.28,3385.09,3317.77,3380.16
2020-02-07,3235.66,3347.96,3235.66,3327.71
2020-01-31,3247.16,3293.47,3214.68,3225.52
2020-01-24,3321.03,3337.77,3281.53,3295.47
2020-01-17,3271.13,3329.88,3268.43,3329.62
2020-01-10,3217.55,3282.99,3214.64,3265.35
2020-01-03,3240.09,3258.14,3212.03,3234.85
2019-12-27,3226.05,3247.93,3220.51,3240.02
2019-12-20,3183.63,3225.65,3183.63,3221.22
2019-12-13,3141.86,3182.68,3126.09,3168.8
2019-12-06,3143.85,3150.6,3070.33,3145.91
2019-11-29,3117.44,3154.26,3117.44,3140.98
2019-11-22,3117.91,3127.64,3091.41,3110.29
2019-11-15,3080.33,3120.46,3075.82,3120.46
2019-11-08,3078.96,3097.77,3065.89,3093.08
2019-11-01,3032.12,3066.95,3023.19,3066.91
2019-10-25,2996.48,3027.39,2991.21,3022.55
2019-10-18,2965.81,3008.29,2962.94,2986.2
2019-10-11,2944.23,2993.28,2892.66,2970.27
2019-10-04,2967.07,2992.53,2855.94,2952.01
2019-09-27,2983.5,3007.98,2945.53,2961.79
2019-09-20,2996.41,3021.99,2978.57,2992.07
2019-09-13,2988.43,3020.74,2957.01,3007.39
2019-09-06,2909.01,2985.86,2891.85,2978.71
2019-08-30,2866.7,2940.43,2853.05,2926.46
2019-08-23,2913.48,2939.08,2834.97,2847.11
2019-08-16,2907.07,2943.31,2825.51,2888.68
2019-08-09,2898.07,2938.72,2822.12,2918.65
2019-08-02,3024.47,3025.61,2914.11,2932.05
2019-07-26,2981.93,3027.98,2976.65,3025.86
2019-07-19,3017.8,3017.8,2973.09,2976.61
2019-07-12,2979.77,3013.92,2963.44,3013.77
2019-07-05,2971.41,2995.84,2952.22,2990.41
2019-06-28,2951.42,2954.92,2912.99,2941.76
2019-06-21,2889.75,2964.15,2887.3,2950.46
2019-06-14,2885.83,2910.61,2874.68,2886.98
2019-06-07,2751.53,2884.97,2728.81,2873.34
2019-05-31,2830.03,2840.51,2750.52,2752.06
2019-05-24,2841.94,2868.88,2805.49,2826.06
